INSERT INTO person (person_id, person_name, gender, date_of_birth, date_of_death, characteristics) VALUES
    (1, 'Рюрик Старший', 'Мужской', 1880, 1948, 'Основатель семейной линии, кузнец и хозяин мастерской в Твери.'),
    (2, 'Анна Рюриковна', 'Женский', 1885, 1961, 'Жена Рюрика Старшего, вела дом и помогала держать большое хозяйство.'),
    (3, 'Михаил Рюрикович', 'Мужской', 1908, 1980, 'Старший сын Рюрика и Анны, инженер-путеец, позднее переехал в Москву.'),
    (4, 'Софья Рюриковна', 'Женский', 1912, 1997, 'Младшая дочь семьи, преподаватель истории, большую часть жизни прожила в Петербурге.'),
    (5, 'Елена Михайловна', 'Женский', 1915, 1990, 'Жена Михаила, врач общей практики, работала в московской поликлинике.'),
    (6, 'Игорь Михайлович', 'Мужской', 1938, NULL, 'Сын Михаила и Елены, радиофизик, связавший жизнь с Москвой и Казанью.'),
    (7, 'Мария Михайловна', 'Женский', 1941, NULL, 'Дочь Михаила и Елены, библиотекарь и хранитель семейного архива.'),
    (8, 'Павел Игоревич', 'Мужской', 1968, NULL, 'Сын Игоря, инженер-программист, позже перебрался в Новосибирск.'),
    (9, 'Наталья Игоревна', 'Женский', 1972, NULL, 'Дочь Игоря, переводчица, долгое время жила и работала в Москве.'),
    (10, 'Алексей Павлович', 'Мужской', 1998, NULL, 'Сын Павла и представитель младшего поколения этой семейной ветви.'),

    (11, 'Уолтер Уайт', 'Мужской', 1958, 2010, 'Учитель химии из Альбукерке, центральная фигура линии Breaking Bad.'),
    (12, 'Скайлер Уайт', 'Женский', 1970, NULL, 'Супруга Уолтера Уайта.'),
    (13, 'Уолтер Уайт-младший', 'Мужской', 1993, NULL, 'Сын Уолтера и Скайлер, также известный как Флинн.'),
    (14, 'Холли Уайт', 'Женский', 2009, NULL, 'Младшая дочь Уолтера и Скайлер.'),
    (15, 'Хэнк Шрейдер', 'Мужской', 1966, 2010, 'Агент ОБН и муж Мари Шрейдер.'),
    (16, 'Мари Шрейдер', 'Женский', 1970, NULL, 'Сестра Скайлер и супруга Хэнка Шрейдера.'),
    (17, 'Джесси Пинкман', 'Мужской', 1984, NULL, 'Харизматичный представитель другой городской ветви.'),
    (18, 'Марина Пинкман', 'Женский', 1985, NULL, 'Супруга Джесси, руководит семейным кафе.'),
    (19, 'Борис Пинкман', 'Мужской', 2006, NULL, 'Старший сын семьи Пинкман.'),
    (20, 'Даниэла Пинкман', 'Женский', 2008, NULL, 'Младшая дочь семьи Пинкман.'),
    (21, 'Егор Пинкман', 'Мужской', 2010, NULL, 'Приемный ребенок семьи Пинкман.'),
    (22, 'Павел Пинкман', 'Мужской', 2004, NULL, 'Внебрачный сын Джесси.'),
    (23, 'Густаво Фринг', 'Мужской', 1959, 2011, 'Владелец Los Pollos Hermanos и один из ключевых игроков линии Альбукерке.'),
    (24, 'Макс Арсиньега', 'Мужской', 1960, 1989, 'Ближайший деловой и личный партнер Густаво Фринга.'),
    (25, 'Питер Шулер', 'Мужской', 1952, NULL, 'Давний деловой партнер Густаво Фринга из Madrigal.'),
    (26, 'Лидия Родарт-Куэйл', 'Женский', 1970, NULL, 'Менеджер Madrigal и ключевой деловой контакт Фринга.'),
    (27, 'Тайрус Китт', 'Мужской', 1975, NULL, 'Доверенный оперативник в структуре Густаво Фринга.'),
    (28, 'Виктор', 'Мужской', 1978, 2009, 'Один из ближайших исполнителей Густаво Фринга.'),
    (29, 'Гектор Саламанка', 'Мужской', 1941, 2010, 'Патриарх семьи Саламанка, связанной с севером Мексики и Альбукерке.'),
    (30, 'Туко Саламанка', 'Мужской', 1970, 2008, 'Племянник Гектора Саламанки и один из самых известных членов семьи.'),
    (31, 'Леонель Саламанка', 'Мужской', 1972, 2009, 'Один из кузенов Саламанка, действующий в паре с Марко.'),
    (32, 'Марко Саламанка', 'Мужской', 1972, 2009, 'Брат-близнец Леонеля Саламанки.'),
    (33, 'Хоакин Саламанка', 'Мужской', 1988, 2009, 'Младший представитель клана Саламанка.'),
    (34, 'Абуелита Саламанка', 'Женский', 1943, NULL, 'Пожилая родственница Туко Саламанки, известная как abuelita.'),
    (35, 'Лало Саламанка', 'Мужской', 1973, NULL, 'Эдуардо "Лало" Саламанка, яркий представитель младшей ветви семьи.'),
    (36, 'Дон Эладио Вуэнте', 'Мужской', 1947, NULL, 'Глава картеля, тесно связанный с линией Саламанка.'),
    (37, 'Гонсало', 'Мужской', 1997, NULL, 'Молодой член окружения семьи Саламанка в Альбукерке.'),
    (38, 'Матео Саламанка', 'Мужской', 1995, NULL, 'Расширенный член клана Саламанка для локального графа.'),
    (39, 'Педро Саламанка', 'Мужской', 1996, NULL, 'Расширенный член клана Саламанка для локального графа.'),
    (40, 'Оскар Саламанка', 'Мужской', 1994, NULL, 'Расширенный член клана Саламанка для локального графа.'),
    (41, 'Майк Эрмантраут', 'Мужской', 1944, 2022, 'Бывший полицейский из Филадельфии, ставший fixer в Альбукерке.'),
    (42, 'Стейси Эрмантраут', 'Женский', 1972, NULL, 'Невестка Майка и мать Кайли Эрмантраут.'),
    (43, 'Матти Эрмантраут', 'Мужской', 1970, 2001, 'Сын Майка Эрмантраута и бывший полицейский.'),
    (44, 'Кайли Эрмантраут', 'Женский', 2003, NULL, 'Внучка Майка, о которой он постоянно заботился.'),
    (45, 'Анита Гиббс', 'Женский', 1946, NULL, 'Знакомая Майка по группе психологической поддержки.'),
    (46, 'Неизвестная миссис Эрмантраут', 'Женский', 1945, 1990, 'Покойная жена Майка Эрмантраута, не появлявшаяся на экране.'),
    (47, 'Джимми Макгилл', 'Мужской', 1960, NULL, 'Юрист из Better Call Saul, также известный как Сол Гудман и Джин Таковик.'),
    (48, 'Ким Векслер', 'Женский', 1968, NULL, 'Юрист и ближайший партнер Джимми в линии Better Call Saul.'),
    (49, 'Чак Макгилл', 'Мужской', 1944, 2003, 'Старший брат Джимми и сооснователь HHM.'),
    (50, 'Ребекка Буа', 'Женский', 1948, NULL, 'Бывшая жена Чака Макгилла.'),
    (51, 'Чарльз Макгилл-старший', 'Мужской', 1915, 1967, 'Отец Джимми и Чака, владелец семейного магазина.'),
    (52, 'Рут Макгилл', 'Женский', 1920, 1979, 'Мать Джимми и Чака Макгиллов.'),
    (53, 'Говард Хэмлин', 'Мужской', 1964, 2022, 'Управляющий партнер в адвокатской династии.'),
    (54, 'Ева Хэмлин', 'Женский', 1967, NULL, 'Супруга Говарда, консультант по этике.'),
    (55, 'Патрик Хэмлин', 'Мужской', 1990, NULL, 'Старший сын семьи Хэмлин.'),
    (56, 'Леонид Хэмлин', 'Мужской', 1992, NULL, 'Младший сын семьи Хэмлин.'),
    (57, 'Мария Хэмлин', 'Женский', 1995, NULL, 'Приемная дочь семьи Хэмлин.'),
    (58, 'Роман Хэмлин', 'Мужской', 1988, NULL, 'Внебрачный сын Говарда.'),
    (59, 'Начо Варга', 'Мужской', 1971, 2022, 'Игнасио "Начо" Варга, связующее звено между картелем и Альбукерке.'),
    (60, 'Мануэль Варга', 'Мужской', 1948, NULL, 'Отец Начо Варги и владелец A-Z Fine Upholstery.'),
    (61, 'Роса Варга', 'Женский', 1952, NULL, 'Тетя Начо, иногда помогающая в семейных делах.'),
    (62, 'Амбер', 'Женский', 1989, NULL, 'Подруга Начо из линии Better Call Saul.'),
    (63, 'Никки', 'Женский', 1990, NULL, 'Подруга Начо из линии Better Call Saul.'),
    (64, 'Хо', 'Женский', 1988, NULL, 'Подруга Начо из линии Better Call Saul.'),
    (65, 'Гейл Боттикер', 'Мужской', 1968, 2010, 'Исследователь и наставник для своей младшей родни.'),
    (66, 'Ольга Боттикер', 'Женский', 1970, NULL, 'Супруга Гейла, школьный учитель химии.'),
    (67, 'Павел Боттикер', 'Мужской', 1994, NULL, 'Сын семьи Боттикер.'),
    (68, 'Леся Боттикер', 'Женский', 1997, NULL, 'Дочь семьи Боттикер.'),
    (69, 'Дина Боттикер', 'Женский', 1996, NULL, 'Приемная дочь семьи Боттикер.'),
    (70, 'Максим Боттикер', 'Мужской', 1991, NULL, 'Внебрачный сын Гейла.'),
    (71, 'Джек Уэлкер', 'Мужской', 1954, 2010, 'Глава шумной и большой ветви родственников.'),
    (72, 'Инга Уэлкер', 'Женский', 1958, NULL, 'Супруга Джека, заведует семейным складом.'),
    (73, 'Лео Уэлкер', 'Мужской', 1981, NULL, 'Сын семьи Уэлкер.'),
    (74, 'Марина Уэлкер', 'Женский', 1985, NULL, 'Дочь семьи Уэлкер.'),
    (75, 'Олег Уэлкер', 'Мужской', 1987, NULL, 'Приемный сын семьи Уэлкер.'),
    (76, 'Даниэль Уэлкер', 'Мужской', 1979, NULL, 'Внебрачный сын Джека.'),
    (77, 'Патрик Куби', 'Мужской', 1970, NULL, 'Предприимчивый участник обширной городской сети родственников.'),
    (78, 'Ева Куби', 'Женский', 1973, NULL, 'Супруга Патрика, заведует магазином техники.'),
    (79, 'Ник Куби', 'Мужской', 1995, NULL, 'Сын семьи Куби.'),
    (80, 'Римма Куби', 'Женский', 1997, NULL, 'Дочь семьи Куби.'),
    (81, 'Марк Куби', 'Мужской', 1996, NULL, 'Приемный сын семьи Куби.'),
    (82, 'Леонид Куби', 'Мужской', 1992, NULL, 'Внебрачный сын Патрика.'),
    (83, 'Дэниел Вормолд', 'Мужской', 1972, NULL, 'Осторожный представитель своей ветви, избегающий громких конфликтов.'),
    (84, 'Инна Вормолд', 'Женский', 1975, NULL, 'Супруга Дэниела, занимается книжным делом.'),
    (85, 'Павел Вормолд', 'Мужской', 1997, NULL, 'Сын семьи Вормолд.'),
    (86, 'Лев Вормолд', 'Мужской', 1996, NULL, 'Младший сын семьи Вормолд.'),
    (87, 'Мария Вормолд', 'Женский', 1996, NULL, 'Приемная дочь семьи Вормолд.'),
    (88, 'Кирилл Вормолд', 'Мужской', 1993, NULL, 'Внебрачный сын Дэниела.'),
    (89, 'Омар Наваз', 'Мужской', 1969, NULL, 'Управляет семейной строительной артелью.'),
    (90, 'Диана Наваз', 'Женский', 1971, NULL, 'Супруга Омара, специалист по городским архивам.'),
    (91, 'Леон Наваз', 'Мужской', 1993, NULL, 'Сын семьи Наваз.'),
    (92, 'Мира Наваз', 'Женский', 1996, NULL, 'Дочь семьи Наваз.'),
    (93, 'Павел Наваз', 'Мужской', 1996, NULL, 'Приемный сын семьи Наваз.'),
    (94, 'Роман Наваз', 'Мужской', 1990, NULL, 'Внебрачный сын Омара.'),
    (95, 'Прайс Дрисколл', 'Мужской', 1974, NULL, 'Коллекционер и предприниматель, вокруг которого сложилась последняя ветвь.'),
    (96, 'Ева Дрисколл', 'Женский', 1976, NULL, 'Супруга Прайса, экономист.'),
    (97, 'Марк Дрисколл', 'Мужской', 1997, NULL, 'Сын семьи Дрисколл.'),
    (98, 'Никита Дрисколл', 'Мужской', 1995, NULL, 'Младший сын семьи Дрисколл.'),
    (99, 'Лидия Дрисколл', 'Женский', 1996, NULL, 'Приемная дочь семьи Дрисколл.'),
    (100, 'Олег Дрисколл', 'Мужской', 1992, NULL, 'Внебрачный сын Прайса.');

INSERT INTO place (place_id, name, description) VALUES
    (1, 'Тверь', 'Родной город старшего поколения семьи и место, где Рюрик держал кузнечную мастерскую.'),
    (2, 'Москва', 'Главный город жизни Михаила, Елены, Марии и части их потомков после переезда из Твери.'),
    (3, 'Санкт-Петербург', 'Город, с которым была связана взрослая жизнь Софьи Рюриковны.'),
    (4, 'Казань', 'Город, где Игорь Михайлович работал в научном институте и подолгу жил.'),
    (5, 'Новосибирск', 'Город, куда Павел Игоревич переехал уже со своей семьей.'),
    (6, 'Альбукерке', 'Главный город вселенной Breaking Bad и Better Call Saul, где разворачивается большая часть событий.'),
    (7, 'Омаха', 'Город в Небраске, где Джимми Макгилл скрывался под именем Джин Таковик.'),
    (8, 'Цицеро', 'Родной город Джимми Макгилла в Иллинойсе, связанный с его ранней биографией.'),
    (9, 'Филадельфия', 'Город, где Майк Эрмантраут служил полицейским до переезда в Нью-Мексико.'),
    (10, 'Чиуауа', 'Мексиканский регион, связанный с ветвью Саламанка и картелем Хуареса.'),
    (11, 'Los Pollos Hermanos', 'Сеть ресторанов Густаво Фринга, служившая прикрытием его операций.'),
    (12, 'Hamlin, Hamlin & McGill', 'Юридическая фирма HHM в Альбукерке, важное место линии Джимми, Ким и Говарда.'),
    (13, 'A1A Car Wash', 'Автомойка семьи Уайт в Альбукерке.'),
    (14, 'A-Z Fine Upholstery', 'Мастерская Мануэля Варги в Альбукерке.'),
    (15, 'J. P. Wynne High School', 'Школа, где Уолтер Уайт преподавал химию.'),
    (16, 'Cottonwood Mall Cinnabon', 'Кафе в Омахе, где Джимми работал как Джин Таковик.'),
    (17, 'Mesa Verde Bank and Trust', 'Крупный клиент Ким Векслер и важная локация Better Call Saul.'),
    (18, 'Bernalillo County Courthouse', 'Окружной суд Берналильо, рядом с которым долго работал Майк.');

INSERT INTO relation (target_person, related_person, date_of_beginning, date_of_end, relationship_type) VALUES
    (1, 2, 1904, 1948, 0),
    (3, 1, 1908, NULL, 1),
    (3, 2, 1908, NULL, 1),
    (4, 1, 1912, NULL, 1),
    (4, 2, 1912, NULL, 1),
    (3, 5, 1936, 1980, 0),
    (6, 3, 1938, NULL, 1),
    (6, 5, 1938, NULL, 1),
    (7, 3, 1941, NULL, 1),
    (7, 5, 1941, NULL, 1),
    (8, 6, 1968, NULL, 1),
    (9, 6, 1972, NULL, 1),
    (10, 8, 1998, NULL, 1),
    (11, 12, 1990, 2010, 0),
    (13, 11, 1993, NULL, 1),
    (13, 12, 1993, NULL, 1),
    (14, 11, 2009, NULL, 1),
    (14, 12, 2009, NULL, 1),
    (15, 16, 1993, 2010, 0),
    (17, 18, 2003, NULL, 0),
    (19, 17, 2006, NULL, 1),
    (19, 18, 2006, NULL, 1),
    (20, 17, 2008, NULL, 1),
    (20, 18, 2008, NULL, 1),
    (21, 17, 2010, NULL, 2),
    (21, 18, 2010, NULL, 2),
    (22, 17, 2004, NULL, 3),
    (23, 24, 1984, 1989, 0),
    (25, 23, 1998, NULL, 0),
    (26, 23, 2002, NULL, 0),
    (27, 23, 2003, NULL, 0),
    (28, 23, 2003, NULL, 0),
    (30, 34, 1970, NULL, 1),
    (31, 29, 1972, NULL, 1),
    (32, 29, 1972, NULL, 1),
    (33, 29, 1988, NULL, 1),
    (35, 29, 1973, NULL, 1),
    (37, 35, 1997, NULL, 1),
    (38, 35, 1995, NULL, 1),
    (39, 35, 1996, NULL, 2),
    (40, 35, 1994, NULL, 3),
    (43, 42, 1998, 2001, 0),
    (43, 41, 1970, NULL, 1),
    (44, 43, 2003, NULL, 1),
    (44, 42, 2003, NULL, 1),
    (47, 48, 2004, NULL, 0),
    (49, 50, 1978, 1998, 0),
    (47, 51, 1960, NULL, 1),
    (47, 52, 1960, NULL, 1),
    (49, 51, 1944, NULL, 1),
    (49, 52, 1944, NULL, 1),
    (53, 54, 1988, 2022, 0),
    (55, 53, 1990, NULL, 1),
    (55, 54, 1990, NULL, 1),
    (56, 53, 1992, NULL, 1),
    (56, 54, 1992, NULL, 1),
    (57, 53, 1995, NULL, 2),
    (57, 54, 1995, NULL, 2),
    (58, 53, 1988, NULL, 3),
    (59, 60, 1971, NULL, 1),
    (62, 59, 2003, 2004, 0),
    (63, 59, 2003, 2004, 0),
    (64, 59, 2003, 2004, 0),
    (65, 66, 1991, 2010, 0),
    (67, 65, 1994, NULL, 1),
    (67, 66, 1994, NULL, 1),
    (68, 65, 1997, NULL, 1),
    (68, 66, 1997, NULL, 1),
    (69, 65, 1996, NULL, 2),
    (69, 66, 1996, NULL, 2),
    (70, 65, 1991, NULL, 3),
    (71, 72, 1978, 2010, 0),
    (73, 71, 1981, NULL, 1),
    (73, 72, 1981, NULL, 1),
    (74, 71, 1985, NULL, 1),
    (74, 72, 1985, NULL, 1),
    (75, 71, 1987, NULL, 2),
    (75, 72, 1987, NULL, 2),
    (76, 71, 1979, NULL, 3),
    (77, 78, 1994, NULL, 0),
    (79, 77, 1995, NULL, 1),
    (79, 78, 1995, NULL, 1),
    (80, 77, 1997, NULL, 1),
    (80, 78, 1997, NULL, 1),
    (81, 77, 1996, NULL, 2),
    (81, 78, 1996, NULL, 2),
    (82, 77, 1992, NULL, 3),
    (83, 84, 1992, NULL, 0),
    (85, 83, 1997, NULL, 1),
    (85, 84, 1997, NULL, 1),
    (86, 83, 1996, NULL, 1),
    (86, 84, 1996, NULL, 1),
    (87, 83, 1996, NULL, 2),
    (87, 84, 1996, NULL, 2),
    (88, 83, 1993, NULL, 3),
    (89, 90, 1990, NULL, 0),
    (91, 89, 1993, NULL, 1),
    (91, 90, 1993, NULL, 1),
    (92, 89, 1996, NULL, 1),
    (92, 90, 1996, NULL, 1),
    (93, 89, 1996, NULL, 2),
    (93, 90, 1996, NULL, 2),
    (94, 89, 1990, NULL, 3),
    (95, 96, 1994, NULL, 0),
    (97, 95, 1997, NULL, 1),
    (97, 96, 1997, NULL, 1),
    (98, 95, 1995, NULL, 1),
    (98, 96, 1995, NULL, 1),
    (99, 95, 1996, NULL, 2),
    (99, 96, 1996, NULL, 2),
    (100, 95, 1992, NULL, 3);

INSERT INTO person_place (person_id, place_id) VALUES
    (1, 1),
    (2, 1),
    (3, 1),
    (3, 2),
    (4, 3),
    (5, 2),
    (6, 2),
    (6, 4),
    (7, 2),
    (8, 5),
    (9, 2),
    (10, 5),
    (11, 6),
    (11, 13),
    (11, 15),
    (12, 6),
    (12, 13),
    (13, 6),
    (13, 13),
    (14, 6),
    (15, 6),
    (16, 6),
    (16, 13),
    (17, 6),
    (18, 6),
    (19, 6),
    (20, 6),
    (21, 6),
    (22, 6),
    (23, 6),
    (23, 11),
    (24, 10),
    (25, 11),
    (26, 6),
    (27, 6),
    (28, 6),
    (29, 10),
    (30, 6),
    (30, 10),
    (31, 10),
    (32, 10),
    (33, 10),
    (34, 10),
    (35, 6),
    (35, 10),
    (36, 10),
    (37, 6),
    (38, 10),
    (39, 10),
    (40, 10),
    (41, 6),
    (41, 9),
    (41, 18),
    (42, 6),
    (43, 6),
    (43, 9),
    (44, 6),
    (45, 6),
    (46, 9),
    (47, 6),
    (47, 7),
    (47, 8),
    (47, 12),
    (47, 16),
    (48, 6),
    (48, 12),
    (48, 17),
    (49, 6),
    (49, 12),
    (50, 6),
    (51, 8),
    (52, 8),
    (53, 6),
    (53, 12),
    (54, 6),
    (55, 6),
    (56, 6),
    (57, 6),
    (58, 6),
    (59, 6),
    (59, 14),
    (60, 6),
    (60, 14),
    (61, 6),
    (62, 6),
    (63, 6),
    (64, 6),
    (65, 6),
    (66, 6),
    (67, 6),
    (68, 6),
    (69, 6),
    (70, 6),
    (71, 6),
    (72, 6),
    (73, 6),
    (74, 6),
    (75, 6),
    (76, 6),
    (77, 6),
    (78, 6),
    (79, 6),
    (80, 6),
    (81, 6),
    (82, 6),
    (83, 6),
    (84, 6),
    (85, 6),
    (86, 6),
    (87, 6),
    (88, 6),
    (89, 6),
    (90, 6),
    (91, 6),
    (92, 6),
    (93, 6),
    (94, 6),
    (95, 6),
    (96, 6),
    (97, 6),
    (98, 6),
    (99, 6),
    (100, 6);

SELECT setval(
    pg_get_serial_sequence('person', 'person_id'),
    COALESCE((SELECT MAX(person_id) FROM person), 1),
    true
);
SELECT setval(
    pg_get_serial_sequence('place', 'place_id'),
    COALESCE((SELECT MAX(place_id) FROM place), 1),
    true
);
SELECT setval(
    pg_get_serial_sequence('relation', 'relation_id'),
    COALESCE((SELECT MAX(relation_id) FROM relation), 1),
    true
);
